"Disney","MacDonalds","Schlumberger","Haliburton"
0.08088,-0.01309,-0.08463,-0.13373
0.04737,0.15958,0.02884,0.03616
-0.04634,0.09966,0.00165,0.07919
0.16834,0.03125,0.09571,0.09227
-0.09082,0.06206,-0.05723,-0.13242
